xgb_weight,gbdt_weight,accuracy,precision_rate,recall_rate,F1_score,AUC_score
0.85,0.15000000000000002,0.927325057915963,0.9560155239327296,0.5602729340409401,0.7065009560229446,0.927325057915963
